month,national_adoption_pct
2022-01-01,54.14
2022-02-01,54.04
2022-03-01,54.55
2022-04-01,54.73
2022-05-01,55.22
2022-06-01,55.2
2022-07-01,55.55
2022-08-01,56.08
2022-09-01,55.88
2022-10-01,56.45
2022-11-01,56.72
2022-12-01,56.6
2023-01-01,57.02
2023-02-01,57.43
2023-03-01,57.47
2023-04-01,58.01
2023-05-01,58.44
2023-06-01,58.38
2023-07-01,58.89
2023-08-01,59.02
2023-09-01,59.23
2023-10-01,59.25
2023-11-01,59.58
2023-12-01,59.85
2024-01-01,60.38
2024-02-01,60.55
2024-03-01,60.77
2024-04-01,60.85
2024-05-01,61.35
2024-06-01,61.52
2024-07-01,62.01
2024-08-01,61.83
2024-09-01,62.58
2024-10-01,62.79
2024-11-01,62.79
2024-12-01,63.26
2025-01-01,63.42
2025-02-01,63.78
2025-03-01,63.66
2025-04-01,64.06
2025-05-01,64.19
2025-06-01,64.6
2025-07-01,64.98
2025-08-01,65.2
2025-09-01,65.51
2025-10-01,65.7
2025-11-01,65.98
2025-12-01,66.21
